rs3094315	rs4475691	rs3748597	rs13303118	rs9777703	Phenotype
0	0	0	1	0	0
0	0	0	1	0	1
1	0	0	0	0	1
0	0	0	0	0	1
1	0	0	1	0	0
0	1	0	2	1	0
1	0	0	0	0	0
1	0	0	2	0	1
0	1	0	0	0	0
0	0	0	0	0	1
0	0	0	0	0	0
1	0	0	1	0	0
0	0	0	2	0	1
0	0	0	1	0	0
0	1	0	0	0	1
2	1	0	1	0	1
0	1	0	0	0	1
0	0	0	2	0	1
0	0	0	0	0	0
0	1	0	0	0	1
0	0	0	1	0	0
1	0	0	0	0	1
1	0	1	1	0	0
0	1	0	1	0	1
0	0	0	1	0	0
0	1	1	2	0	1
0	0	0	0	0	0
0	0	0	2	0	1
1	0	0	0	0	1
1	1	0	2	0	1
0	1	0	1	0	0
0	1	0	2	1	1
1	0	0	1	0	1
0	1	0	1	0	1
0	2	0	1	0	1
0	1	0	1	1	1
0	0	0	1	0	1
1	1	0	1	0	1
1	0	1	1	1	0
0	1	0	1	0	1
0	2	0	1	0	1
0	0	0	2	0	0
1	0	0	2	0	0
0	1	0	2	0	1
0	1	0	1	0	0
0	0	0	1	0	1
0	0	0	2	0	1
0	0	0	0	0	0
0	1	1	1	0	1