rs10792845,0.551470588235294
MitoC6046T,0.5735294117647058
rs495942,0.6058823529411764
MitoG3012A,0.5279411764705882
rs7949297,0.5264705882352941
rs1955189,0.4264705882352941
rs10792837,0.6102941176470587
rs11605019,0.5411764705882354
MitoG2708A,0.4397058823529411
MitoA11252G,0.5352941176470589
MitoA3721G,0.5735294117647058
MitoC295T,0.5191176470588235
MitoG11378A,0.6220588235294118
rs7107881,0.5352941176470589
rs3851182,0.6117647058823529
rs17745564,0.5661764705882353
rs11608125,0.6058823529411765
MitoA13781G,0.5617647058823529
rs17745273,0.40147058823529413
rs6592284,0.451470588235294
MitoC458T,0.5779411764705882
rs10501604,0.5970588235294116
MitoG15929A,0.5573529411764705
rs9971532,0.43382352941176466
rs7942719,0.3794117647058824
MitoG12373A,0.5897058823529412
MitoA10551G,0.5838235294117647
rs2374721,0.5338235294117647
rs11234610,0.5661764705882353
MitoG10399A,0.5573529411764705
rs10501602,0.5926470588235294
rs11825598,0.5691176470588235
rs10792820,0.5764705882352941
MitoG1721A,0.5426470588235294
rs10792839,0.5147058823529412
rs3851179,0.5147058823529412
rs7931249,0.5235294117647059
rs621942,0.5691176470588235
rs9667913,0.536764705882353
rs10898458,0.5573529411764706
rs7941541,0.4632352941176471
MitoC3993T,0.5426470588235295
rs12805520,0.6044117647058824
rs1376947,0.49411764705882355
rs664629,0.49558823529411766
rs1237999,0.5044117647058822
rs642949,0.6176470588235293
rs11824612,0.5352941176470588
rs11234569,0.5176470588235293
MitoA15759G,0.6102941176470588
MitoA16163G,0.6132352941176471
MitoA14234G,0.40294117647058825
MitoA15925G,0.5426470588235294
MitoC10874T,0.6117647058823529
MitoT5005C,0.6132352941176471
rs543293,0.47205882352941175
rs10792847,0.5147058823529411
MitoA5657G,0.625
rs11234568,0.5205882352941176
rs6592288,0.5691176470588235
MitoT491C,0.5411764705882354
rs7114910,0.5764705882352941
MitoA16164G,0.6147058823529411
MitoA4918G,0.4661764705882353
rs291241,0.6088235294117647
MitoA12309G,0.5882352941176471
rs11608136,0.5147058823529411
MitoG5047A,0.536764705882353
rs10792819,0.40441176470588236
rs2173281,0.4794117647058824
MitoT217C,0.6117647058823529
MitoA11468G,0.5985294117647059
MitoT12706C,0.5294117647058822
rs1941375,0.48970588235294105
rs7128110,0.661764705882353
rs6592289,0.5867647058823529
MitoT6777C,0.49558823529411755
MitoT10035C,0.5279411764705882
MitoG16130A,0.5058823529411764
MitoT479C,0.5411764705882353
rs10898457,0.5602941176470588
MitoG11915A,0.5970588235294118
MitoG3916A,0.5485294117647058
rs10792830,0.5691176470588235
rs10898459,0.5558823529411765
rs11234582,0.5191176470588236
