rs10792845,0.5514705882352942
rs1727731,0.626470588235294
rs8111069,0.4970588235294118
rs405509,0.5485294117647059
rs7949297,0.5794117647058823
rs1955189,0.4264705882352941
rs10792837,0.6
rs11605019,0.5147058823529412
rs10421830,0.5
rs1004605,0.486764705882353
rs11608136,0.5647058823529412
rs760114,0.526470588235294
rs846885,0.5338235294117647
rs4802246,0.43235294117647055
rs4802234,0.5485294117647059
rs3851182,0.5691176470588235
rs1560725,0.5617647058823529
rs17745564,0.5867647058823529
rs754340,0.4808823529411764
rs10501604,0.5441176470588236
rs5167,0.4897058823529412
rs2968180,0.325
rs17745273,0.4470588235294118
rs6592284,0.4808823529411764
rs1727748,0.5558823529411765
rs846859,0.5088235294117647
rs11824612,0.5352941176470588
rs3786507,0.43382352941176466
rs203717,0.586764705882353
rs7260180,0.40294117647058825
rs17562787,0.3720588235294118
rs9971532,0.43382352941176466
rs1004165,0.46029411764705885
rs1114832,0.5441176470588236
rs11668536,0.5191176470588236
rs7942719,0.4235294117647059
rs3760627,0.5529411764705883
rs4803722,0.48235294117647065
rs1235382,0.5382352941176471
rs10419669,0.49558823529411766
rs12610605,0.6573529411764706
rs16979231,0.5985294117647058
rs2965121,0.325
rs2965155,0.4808823529411764
rs6509196,0.4514705882352941
rs2374721,0.5720588235294117
rs11234610,0.5647058823529413
rs1871047,0.5691176470588235
rs7026,0.4632352941176471
rs12984266,0.5161764705882352
rs1005204,0.4808823529411764
rs3851179,0.5088235294117648
rs10501602,0.6117647058823529
rs11825598,0.5852941176470589
rs2965160,0.4882352941176471
rs10792820,0.5691176470588235
rs1058402,0.5632352941176471
rs2357107,0.5852941176470589
rs846853,0.38529411764705884
rs8106922,0.48382352941176476
rs2075650,0.4470588235294118
rs10792839,0.5720588235294117
rs17800789,0.586764705882353
rs7931249,0.5852941176470587
rs17714646,0.5220588235294118
rs1469704,0.5588235294117647
rs621942,0.5897058823529411
rs9667913,0.5308823529411765
rs10898458,0.5529411764705883
rs7941541,0.4632352941176471
rs12805520,0.5823529411764706
rs1376947,0.5
rs10413089,0.551470588235294
rs664629,0.5397058823529413
rs1237999,0.4970588235294118
rs157580,0.4558823529411765
rs642949,0.5955882352941178
rs10402271,0.4897058823529411
rs7255066,0.4264705882352941
rs3852856,0.5029411764705883
rs495942,0.5647058823529413
rs387976,0.48529411764705876
rs11234569,0.513235294117647
rs1871045,0.4897058823529411
rs10407556,0.5382352941176471
rs10898459,0.5514705882352942
rs4803760,0.5897058823529413
rs10416445,0.575
rs1661178,0.32499999999999996
rs2965174,0.5058823529411766
rs10409769,0.32352941176470584
rs543293,0.47058823529411764
rs10792847,0.513235294117647
rs203713,0.5338235294117647
rs11234568,0.486764705882353
rs6592288,0.5558823529411765
rs10425074,0.4235294117647059
rs7114910,0.5264705882352942
rs6859,0.5308823529411765
rs439401,0.45441176470588235
rs291241,0.5882352941176471
rs2927438,0.6220588235294118
rs10792819,0.39852941176470585
rs2075642,0.49558823529411766
rs2173281,0.4720588235294117
rs11608125,0.575
rs11667640,0.32352941176470584
rs10409727,0.3735294117647059
rs4803766,0.5632352941176471
rs7128110,0.6382352941176471
rs6592289,0.5720588235294117
rs10408247,0.3294117647058824
rs2965101,0.5426470588235294
rs846866,0.3676470588235294
rs6509179,0.3985294117647059
rs7107881,0.5352941176470589
rs1941375,0.5838235294117646
rs1997231,0.475
rs10898457,0.5558823529411765
rs1465723,0.5397058823529411
rs8108277,0.49411764705882355
rs10792830,0.5647058823529412
rs2927488,0.5102941176470589
rs11234582,0.5029411764705882
rs3745157,0.4455882352941177
